Player,Pos,Id,label,Rk,Age,GP,G,A,PTS,+/-,PIM,PS,EV,PP,SH,GW,EV.1,PP.1,SH.1,S,S%
Johnathan Aitken,D,aitkejo01,0,6,23.0,22.0,0.0,0.5,0.5,-6.0,35.0,0.0,0.0,0.0,0.0,0.0,0.5,0.0,0.0,19.5,0.0
Tommy Albelin,D,albelto01,0,8,37.0,48.4,1.6,7.4,9.0,3.2,9.6,2.4799999999999995,0.8,0.4,0.4,0.4,4.6,2.6,0.2,39.2,4.4399999999999995
Jamie Allison,D,allisja01,0,11,26.0,48.4,0.4,2.4,2.8,-5.4,76.4,0.5,0.4,0.0,0.0,0.0,2.4,0.0,0.0,19.6,2.1
Bryan Allen,D,allenbr01,0,11,21.5,34.75,1.75,2.0,3.75,-0.25,43.25,0.925,1.75,0.0,0.0,0.25,1.75,0.25,0.0,29.75,3.625
Adrian Aucoin,D,aucoiad01,1,26,28.0,73.0,9.4,23.6,33.0,11.8,52.2,7.0,5.0,4.4,0.0,1.0,11.0,12.0,0.6,181.0,5.26
Christian Backman,D,backmch01,0,27,22.5,35.0,2.5,6.5,9.0,0.0,8.0,2.25,2.0,0.5,0.0,0.0,4.5,2.0,0.0,48.0,2.7
Murray Baron,D,baronmu01,0,33,34.0,76.4,1.8,6.6,8.4,2.0,64.2,2.58,1.8,0.0,0.0,0.2,5.6,0.2,0.8,46.6,3.9800000000000004
Wade Belak,D,belakwa01,0,43,25.0,46.2,1.2,2.6,3.8,-2.0,135.8,0.76,1.2,0.0,0.0,0.0,2.6,0.0,0.0,24.4,4.84
Bryan Berard,D,berarbr01,1,47,24.25,71.0,7.0,27.5,34.5,-4.5,54.75,4.949999999999999,4.25,2.75,0.0,0.25,15.75,11.5,0.25,159.5,3.975
Drake Berehowsky,D,berehdr01,0,48,30.0,55.8,5.6,13.0,18.6,-4.8,72.4,3.44,3.2,2.4,0.0,0.6,6.4,6.6,0.0,65.0,8.940000000000001
Ladislav Benysek,D,benysla01,0,50,26.0,53.0,1.0,4.0,5.0,-8.666666666666666,24.666666666666668,1.3666666666666665,0.6666666666666666,0.3333333333333333,0.0,0.0,3.0,1.0,0.0,33.0,2.1666666666666665
Aki Berg,D,bergak01,0,51,24.0,73.4,2.6,8.2,10.8,2.4,40.8,2.52,2.0,0.6,0.0,0.6,7.4,0.6,0.2,59.4,4.779999999999999
Marc Bergevin,D,bergema01,0,52,36.0,56.0,1.0,6.0,7.0,4.4,33.6,2.2800000000000002,1.0,0.0,0.0,0.0,5.6,0.0,0.4,27.2,4.180000000000001
Radim Bicanek,D,bicanra01,0,56,26.0,26.666666666666668,0.3333333333333333,3.3333333333333335,3.6666666666666665,-2.3333333333333335,14.666666666666666,0.8333333333333334,0.3333333333333333,0.0,0.0,0.0,3.0,0.3333333333333333,0.0,20.666666666666668,0.7666666666666666
Marc-Andre Bergeron,D,bergema02,0,56,22.5,29.5,5.0,9.0,14.0,7.5,17.5,3.0999999999999996,3.5,1.5,0.0,0.0,5.0,4.0,0.0,55.0,14.3
Mathieu Biron,D,bironma02,0,57,21.0,40.2,1.6,4.6,6.2,-11.6,25.4,0.76,1.0,0.4,0.2,0.6,3.6,1.0,0.0,48.4,2.32
Rick Berry,D,berryri01,0,57,23.5,49.25,0.5,3.25,3.75,-1.5,78.5,0.975,0.5,0.0,0.0,0.25,3.25,0.0,0.0,35.5,1.25
Rob Blake*,D,blakero01,1,60,32.0,74.4,16.6,36.0,52.6,11.0,73.0,9.9,6.6,9.6,0.4,3.0,18.8,16.2,1.0,266.8,6.26
Patrick Boileau,D,boilepa01,0,62,27.0,14.333333333333334,1.6666666666666667,3.3333333333333335,5.0,-3.0,8.0,0.6,0.6666666666666666,1.0,0.0,0.3333333333333333,2.6666666666666665,0.6666666666666666,0.0,19.666666666666668,9.2
Brad Bombardir,D,bombabr01,0,64,29.0,51.4,1.2,6.8,8.0,-2.4,20.6,2.3,0.8,0.4,0.0,0.2,5.4,1.0,0.4,46.2,4.12
Joel Bouchard,D,bouchjo01,0,71,28.0,29.8,1.6,4.4,6.0,-3.0,14.2,1.1400000000000001,1.4,0.2,0.0,0.4,3.4,1.0,0.0,33.6,4.725
Philippe Boucher,D,bouchph01,1,72,28.0,50.6,4.8,12.6,17.4,9.4,54.4,4.58,2.8,1.8,0.2,1.4,9.4,3.0,0.2,102.4,3.9200000000000004
Bob Boughner,D,boughbo01,0,73,30.0,66.6,1.8,6.0,7.8,2.2,139.4,2.36,1.6,0.2,0.0,0.4,5.2,0.4,0.4,48.0,3.5799999999999996
Francis Bouillon,D,bouilfr01,0,74,26.0,45.6,1.6,8.2,9.8,-2.0,34.2,2.1,1.0,0.4,0.2,0.2,5.4,2.8,0.0,48.0,3.2399999999999998
Ray Bourque*,D,bourqra01,1,75,39.5,79.5,12.5,43.0,55.5,11.5,37.0,9.95,4.0,7.5,1.0,0.0,15.5,27.5,0.0,238.0,5.050000000000001
Dan Boyle,D,boyleda01,1,76,25.0,60.6,6.8,21.8,28.6,0.0,35.0,5.26,3.8,3.0,0.0,0.8,11.6,10.2,0.0,92.8,5.82
Nick Boynton,D,boyntni01,0,77,23.0,49.0,3.4,11.0,14.4,7.4,60.8,3.28,2.8,0.2,0.4,0.8,9.0,2.0,0.0,96.2,2.14
Eric Brewer,D,breweer01,1,79,22.0,68.2,5.8,14.6,20.4,-3.6,46.0,3.88,3.4,2.4,0.0,1.2,7.6,6.2,0.8,113.6,4.5
Aris Brimanis,D,brimaar01,0,82,28.75,23.0,0.5,2.25,2.75,-4.5,11.25,0.4,0.0,0.5,0.0,0.0,1.25,1.0,0.0,21.75,3.125
Patrice Brisebois,D,brisepa01,1,84,31.0,69.2,7.4,25.4,32.8,-4.0,25.0,6.0600000000000005,3.0,4.2,0.2,1.6,11.8,13.6,0.0,112.4,6.4
Jay Bouwmeester,D,bouwmja01,0,84,19.5,71.5,3.0,15.0,18.0,-22.0,22.0,2.5,2.0,1.0,0.0,0.0,6.0,8.5,0.5,97.5,3.0
Brad Brown,D,brownbr01,0,85,26.0,51.2,0.2,4.0,4.2,-2.2,104.0,0.9400000000000001,0.2,0.0,0.0,0.0,3.8,0.0,0.2,16.4,1.42
Sean Brown,D,brownse01,0,90,25.0,63.0,2.6,4.8,7.4,1.8,127.4,1.78,2.0,0.6,0.0,0.6,4.6,0.2,0.0,38.8,5.96
Wade Brookbank,D,brookwa01,0,99,26.0,29.0,2.0,0.0,2.0,-1.0,133.0,0.4,2.0,0.0,0.0,1.0,0.0,0.0,0.0,7.0,28.6
Adam Burt,D,burtad01,0,100,31.5,47.0,0.5,4.0,4.5,0.0,36.0,1.5,0.5,0.0,0.0,0.5,4.0,0.0,0.0,33.5,1.0
Sven Butenschön,D,butensv01,0,101,25.0,21.4,0.4,2.4,2.8,-0.6,12.8,0.48,0.4,0.0,0.0,0.0,2.2,0.0,0.2,11.0,3.4
Petr Buzek,D,buzekpe01,0,104,23.5,38.25,2.25,5.5,7.75,-6.5,22.5,1.325,0.75,1.5,0.0,0.0,4.5,1.0,0.0,46.25,3.675
Eric Cairns,D,cairner01,0,106,27.0,63.6,1.8,4.8,6.6,-7.4,158.2,1.06,1.8,0.0,0.0,0.2,4.2,0.0,0.6,33.0,6.1
Brian Campbell,D,campbbr02,0,108,22.0,33.4,1.8,6.4,8.2,-4.0,10.0,1.48,1.8,0.0,0.0,0.2,5.0,1.4,0.0,36.4,5.779999999999999
Dmitri Bykov,D,bykovdm01,0,110,25.0,71.0,2.0,10.0,12.0,1.0,43.0,2.3,1.0,1.0,0.0,0.0,7.0,3.0,0.0,58.0,3.4
Keith Carney,D,carneke01,0,111,31.0,74.8,3.4,13.2,16.6,8.6,62.0,4.86,3.2,0.2,0.0,0.6,11.8,1.2,0.2,69.8,4.84
Zdeno Chara,D,charazd01,1,115,24.0,75.0,7.8,16.8,24.6,7.6,126.6,5.78,4.6,2.8,0.4,1.6,10.4,4.4,2.0,117.6,6.04
Eric Charron,D,charrer01,0,116,30.0,21.0,0.0,0.0,0.0,-3.0,37.0,0.0,0.0,0.0,0.0,0.0,0.0,0.0,0.0,8.0,0.0
Vladimir Chebaturkin,D,chebavl01,0,119,25.0,17.333333333333332,0.6666666666666666,1.6666666666666667,2.3333333333333335,0.6666666666666666,13.333333333333334,0.6333333333333333,0.6666666666666666,0.0,0.0,0.0,1.6666666666666667,0.0,0.0,7.333333333333333,10.366666666666667
Chris Chelios*,D,chelich01,1,120,40.0,63.8,2.6,20.6,23.2,21.6,82.6,5.68,2.2,0.2,0.2,0.4,16.6,2.6,1.4,98.8,2.18
Brett Clark,D,clarkbr01,0,125,24.75,14.0,0.5,1.0,1.5,-6.0,6.0,-0.05000000000000002,0.5,0.0,0.0,0.0,1.0,0.0,0.0,15.5,3.3333333333333335
Paul Coffey*,D,coffepa01,1,130,38.5,43.5,5.5,16.5,22.0,-6.0,35.0,3.6999999999999997,2.5,3.0,0.0,1.5,8.0,8.5,0.0,91.5,3.55
Mike Commodore,D,commomi01,0,138,22.5,18.75,0.25,1.5,1.75,-2.25,22.0,0.30000000000000004,0.25,0.0,0.0,0.0,1.5,0.0,0.0,12.0,2.275
Sylvain Cote,D,cotesy01,0,139,35.5,53.75,4.5,12.25,16.75,-3.75,19.0,2.925,2.5,1.75,0.25,1.25,7.0,5.25,0.0,78.75,5.8
Cory Cross,D,crossco01,0,143,31.0,53.4,3.8,9.2,13.0,11.2,49.6,3.3599999999999994,3.2,0.6,0.0,1.0,7.8,1.0,0.4,49.0,7.7
Joe Corvo,D,corvojo01,1,144,25.5,61.0,6.5,12.0,18.5,4.5,25.0,4.35,5.5,1.0,0.0,1.5,8.5,3.5,0.0,117.0,5.65
Jassen Cullimore,D,cullija01,0,146,29.0,61.0,1.8,4.8,6.6,-1.6,58.6,2.1,1.8,0.0,0.0,0.4,4.6,0.2,0.0,52.8,3.56
J.J. Daigneault,D,daignjj01,0,152,34.5,27.0,0.5,3.0,3.5,-8.5,12.0,0.05,0.5,0.0,0.0,0.0,2.5,0.5,0.0,22.0,2.3
Mike Crowley,D,crowlmi01,0,152,25.0,39.0,1.0,10.0,11.0,-16.0,20.0,1.0,1.0,0.0,0.0,1.0,8.0,2.0,0.0,45.0,2.2
Mathieu Dandenault,D,dandema01,1,154,25.0,74.8,6.2,12.6,18.8,5.6,41.2,4.06,5.0,1.0,0.2,1.0,11.4,1.0,0.2,86.4,6.92
Ken Daneyko,D,daneyke01,0,155,36.5,72.75,0.5,5.75,6.25,7.25,69.5,2.5,0.5,0.0,0.0,0.0,5.5,0.0,0.25,51.5,1.325
Trevor Daley,D,daleytr01,0,158,20.0,27.0,1.0,5.0,6.0,-6.0,14.0,0.9,0.0,1.0,0.0,0.0,2.0,3.0,0.0,34.0,2.9
Greg de Vries,D,devrigr01,1,161,29.0,75.6,4.8,14.0,18.8,12.2,58.8,4.82,4.4,0.2,0.2,1.0,12.6,0.6,0.8,89.2,5.34
Kevin Dean,D,deanke01,0,163,30.5,66.5,1.5,9.5,11.0,-6.5,33.0,2.05,1.0,0.0,0.5,0.0,8.0,0.5,1.0,61.0,3.2
Rob Davison,D,davisro01,0,165,22.5,35.0,0.5,2.5,3.0,0.5,57.0,1.0,0.5,0.0,0.0,0.0,2.5,0.0,0.0,24.0,3.35
Andy Delmore,D,delmoan01,1,165,25.0,54.8,8.6,11.4,20.0,-6.8,20.6,3.78,2.8,5.8,0.0,2.0,6.6,4.4,0.4,107.6,6.8
Nathan Dempsey,D,dempsna01,0,167,27.0,35.2,3.6,10.8,14.4,-0.6,12.8,2.58,2.6,1.0,0.0,0.6,7.2,3.6,0.0,68.8,2.7600000000000002
Eric Desjardins,D,desjaer01,1,168,32.0,70.4,8.8,25.6,34.4,11.4,33.8,7.4399999999999995,5.0,3.4,0.4,2.0,16.2,8.6,0.8,160.0,5.0200000000000005
Gerald Diduck,D,diducge01,0,170,34.5,20.0,0.0,1.5,1.5,3.0,25.5,0.6,0.0,0.0,0.0,0.0,1.5,0.0,0.0,13.0,0.0
Jason Doig,D,doigja01,0,175,25.0,32.5,1.25,3.75,5.0,-4.25,58.75,0.85,1.25,0.0,0.0,0.25,3.75,0.0,0.0,26.0,2.675
Bobby Dollas,D,dollabo01,0,176,35.5,35.5,2.0,4.0,6.0,5.0,23.0,1.7999999999999998,1.5,0.5,0.0,0.0,4.0,0.0,0.0,23.5,8.7
Steve Duchesne,D,duchest01,1,191,35.0,65.66666666666667,6.333333333333333,21.666666666666668,28.0,8.0,39.333333333333336,5.366666666666667,5.0,1.3333333333333333,0.0,1.0,13.333333333333334,8.333333333333334,0.0,100.0,6.233333333333333
Christian Ehrhoff,D,ehrhoch01,0,196,21.0,41.0,1.0,11.0,12.0,4.0,14.0,2.4,1.0,0.0,0.0,1.0,7.0,4.0,0.0,58.0,1.7
Karl Dykhuis,D,dykhuka01,0,196,29.0,58.6,4.2,6.6,10.8,2.6,31.6,3.18,3.0,1.0,0.2,0.4,5.4,1.0,0.2,50.0,6.459999999999999
Mark Eaton,D,eatonma01,0,200,24.0,48.8,2.6,6.0,8.6,2.6,18.8,2.64,2.4,0.2,0.0,0.6,4.0,1.4,0.6,48.6,5.58
Dave Ellett,D,elletda01,0,204,35.0,52.0,2.0,8.0,10.0,-4.0,12.0,1.8,2.0,0.0,0.0,1.0,4.0,4.0,0.0,41.0,4.9
John Erskine,D,erskijo01,0,204,22.0,27.0,0.6666666666666666,0.6666666666666666,1.3333333333333333,-5.333333333333333,58.333333333333336,0.19999999999999998,0.6666666666666666,0.0,0.0,0.0,0.6666666666666666,0.0,0.0,17.0,5.566666666666666
Steve Eminger,D,emingst01,0,206,19.5,29.0,0.0,3.0,3.0,-7.0,34.5,0.25,0.0,0.0,0.0,0.0,3.0,0.0,0.0,9.0,0.0
Anders Eriksson,D,eriksan01,0,209,27.0,50.0,2.4,14.2,16.6,-0.8,16.0,3.0200000000000005,1.8,0.6,0.0,0.4,8.2,6.0,0.0,61.4,2.7600000000000002
Garnet Exelby,D,exelbga01,0,210,21.5,43.0,0.5,5.5,6.0,-5.0,87.5,1.05,0.5,0.0,0.0,0.0,5.0,0.0,0.5,25.5,1.2
Jim Fahey,D,faheyji01,0,211,23.5,29.0,0.5,10.5,11.0,-2.5,25.5,1.5999999999999999,0.5,0.0,0.0,0.0,3.5,7.0,0.0,42.5,0.75
Andrew Ference,D,ferenan01,0,213,22.0,50.2,3.0,8.2,11.2,-2.6,43.2,2.2600000000000002,2.2,0.8,0.0,0.4,6.4,1.6,0.2,56.0,5.68
Brad Ference,D,ferenbr01,0,214,22.0,49.0,0.8,6.0,6.8,-8.6,112.6,1.0,0.8,0.0,0.0,0.0,4.0,1.8,0.2,33.6,1.44
Jeff Finley,D,finleje01,0,219,34.0,68.2,1.0,5.2,6.2,6.8,37.2,2.66,1.0,0.0,0.0,0.6,3.8,0.6,0.8,32.0,3.1
Jiri Fischer,D,fischji01,0,220,21.0,56.6,1.6,8.8,10.4,4.2,52.4,2.42,1.4,0.2,0.0,0.2,8.2,0.2,0.4,68.4,2.46
Jesse Fibiger,D,fibigje01,0,222,24.0,16.0,0.0,0.0,0.0,-5.0,2.0,-0.3,0.0,0.0,0.0,0.0,0.0,0.0,0.0,2.0,0.0
Adam Foote,D,footead01,1,224,30.0,60.0,6.4,17.8,24.2,12.2,74.0,5.7,3.8,2.2,0.4,1.2,11.8,5.4,0.6,83.6,7.38
Dan Focht,D,fochtda01,0,225,25.0,27.333333333333332,0.6666666666666666,2.0,2.6666666666666665,-10.666666666666666,48.333333333333336,-0.10000000000000002,0.6666666666666666,0.0,0.0,0.0,1.3333333333333333,0.6666666666666666,0.0,24.333333333333332,1.2
Jean-Francois Fortin,D,fortije01,0,228,23.0,23.666666666666668,0.3333333333333333,1.3333333333333333,1.6666666666666667,-1.3333333333333333,14.0,0.39999999999999997,0.3333333333333333,0.0,0.0,0.0,1.3333333333333333,0.0,0.0,14.666666666666666,2.1
Scott Ferguson,D,fergusc01,0,230,29.5,50.0,1.75,3.25,5.0,4.75,72.0,1.65,1.75,0.0,0.0,0.25,3.25,0.0,0.0,29.5,5.1
Maxim Galanov,D,galanma01,0,231,25.5,32.5,2.0,4.0,6.0,-8.5,14.0,0.95,2.0,0.0,0.0,0.0,2.0,2.0,0.0,28.5,4.25
Garry Galley,D,gallega01,1,232,36.5,63.0,7.5,17.5,25.0,2.5,55.5,4.699999999999999,4.5,3.0,0.0,0.5,8.0,9.5,0.0,95.0,7.9
Denis Gauthier,D,gauthde01,0,235,25.0,63.8,2.0,8.2,10.2,3.4,86.2,3.1,1.8,0.0,0.2,0.6,6.4,0.8,1.0,55.6,3.84
Rory Fitzpatrick,D,fitzpro02,0,236,27.5,25.75,1.25,2.5,3.75,-4.0,16.5,0.75,0.75,0.5,0.0,0.5,1.5,1.0,0.0,27.25,2.8333333333333335
Hal Gill,D,gillha01,0,239,26.0,79.6,2.8,11.4,14.2,10.2,70.8,4.0,2.8,0.0,0.0,0.0,10.4,0.2,0.8,110.8,2.42
Todd Gill,D,gillto01,0,240,35.5,40.75,1.5,4.75,6.25,3.75,30.75,1.85,1.25,0.0,0.25,0.5,4.0,0.75,0.0,40.5,2.35
Jonathan Girard,D,girarjo01,0,242,20.5,36.75,2.5,8.5,11.0,1.25,11.5,1.925,1.5,1.0,0.0,0.75,4.75,3.5,0.25,52.5,4.475
Tim Gleason,D,gleasti01,0,243,21.0,47.0,0.0,7.0,7.0,1.0,21.0,1.5,0.0,0.0,0.0,0.0,7.0,0.0,0.0,45.0,0.0
Sergei Gonchar,D,gonchse01,1,247,27.0,75.6,18.4,40.6,59.0,7.2,57.6,10.48,11.8,6.6,0.0,1.8,19.4,21.0,0.2,204.6,8.92
Jean-Luc Grand-Pierre,D,grandje01,0,251,24.0,50.6,1.4,2.4,3.8,-10.8,58.8,0.6599999999999999,1.2,0.0,0.2,0.0,2.4,0.0,0.0,38.0,3.0
Miloslav Guren,D,gurenmi01,0,264,23.0,24.0,1.0,2.0,3.0,-5.0,12.0,0.7,0.0,1.0,0.0,0.0,1.0,1.0,0.0,20.0,5.0
Alexei Gusarov,D,gusaral01,0,265,35.5,42.5,1.5,5.0,6.5,-5.5,14.0,1.0499999999999998,1.5,0.0,0.0,0.0,4.0,1.0,0.0,25.5,7.7
David Hale,D,haleda01,0,265,22.0,65.0,0.0,4.0,4.0,12.0,72.0,2.8,0.0,0.0,0.0,0.0,4.0,0.0,0.0,45.0,0.0
Sergey Gusev,D,gusevse01,0,266,24.5,22.0,1.5,1.5,3.0,-6.0,8.0,0.35,1.0,0.5,0.0,0.0,1.5,0.0,0.0,18.0,8.2
Steven Halko,D,halkost01,0,268,26.5,29.25,0.0,2.5,2.5,-1.5,9.25,0.825,0.0,0.0,0.0,0.0,2.5,0.0,0.0,20.75,0.0
Dan Hamhuis,D,hamhuda01,1,269,21.0,80.0,7.0,19.0,26.0,-12.0,57.0,4.5,5.0,2.0,0.0,4.0,12.0,6.0,1.0,115.0,6.1
Kevin Haller,D,halleke01,0,269,30.0,32.666666666666664,1.3333333333333333,3.3333333333333335,4.666666666666667,-1.3333333333333333,39.666666666666664,1.2,1.3333333333333333,0.0,0.0,0.6666666666666666,3.0,0.3333333333333333,0.0,23.666666666666668,3.766666666666667
Roman Hamrlik,D,hamrlro01,1,272,27.0,76.0,10.2,29.4,39.6,2.2,78.6,7.24,6.0,3.8,0.4,1.8,12.8,14.6,2.0,182.8,5.5200000000000005
Ron Hainsey,D,hainsro01,0,272,21.5,16.0,0.5,0.5,1.0,1.0,3.0,0.44999999999999996,0.5,0.0,0.0,0.0,0.5,0.0,0.0,11.5,4.55
Scott Hannan,D,hannasc01,0,274,23.0,68.6,3.0,12.4,15.4,7.4,45.4,4.0600000000000005,2.8,0.2,0.0,0.4,10.0,1.8,0.6,81.8,3.56
David Harlock,D,harloda01,0,276,29.0,42.666666666666664,0.0,2.6666666666666665,2.6666666666666665,-12.666666666666666,38.666666666666664,-0.03333333333333327,0.0,0.0,0.0,0.0,2.6666666666666665,0.0,0.0,22.333333333333332,0.0
Derian Hatcher,D,hatchde01,1,278,29.0,62.8,3.2,18.0,21.2,12.8,69.2,5.62,2.4,0.6,0.2,0.8,13.0,4.0,1.0,95.0,2.58
Kevin Hatcher,D,hatchke01,1,279,33.5,65.5,4.0,16.5,20.5,-4.0,38.0,4.3,1.5,2.5,0.0,0.5,7.0,9.5,0.0,105.0,3.8499999999999996
Niclas Hävelid,D,havelni01,1,281,28.0,62.0,4.8,12.2,17.0,-8.4,30.4,3.54,2.6,2.2,0.0,2.2,5.4,6.6,0.2,95.0,4.46
Greg Hawgood,D,hawgogr01,0,282,32.0,32.333333333333336,2.3333333333333335,7.333333333333333,9.666666666666666,4.333333333333333,11.333333333333334,1.9666666666666668,1.3333333333333333,1.0,0.0,0.3333333333333333,4.666666666666667,2.6666666666666665,0.0,29.0,6.533333333333334
Bret Hedican,D,hedicbr01,1,285,31.0,71.2,5.2,15.2,20.4,-7.6,60.2,4.04,3.4,1.8,0.0,1.4,10.6,3.6,1.0,94.4,6.0
Shawn Heins,D,heinssh01,0,286,28.0,24.0,0.8,2.4,3.2,-0.6,28.2,0.72,0.4,0.4,0.0,0.2,1.4,1.0,0.0,24.2,1.86
Sami Helenius,D,helensa01,0,289,27.5,36.0,0.25,0.75,1.0,-1.0,59.25,0.475,0.25,0.0,0.0,0.0,0.75,0.0,0.0,12.25,1.4
Bryan Helmer,D,helmebr01,0,290,29.0,18.8,1.6,2.2,3.8,0.6,18.2,0.86,1.0,0.6,0.0,0.4,1.2,1.0,0.0,20.4,4.8
Radoslav Hecl,D,heclra01,0,290,28.0,14.0,0.0,0.0,0.0,0.0,2.0,0.2,0.0,0.0,0.0,0.0,0.0,0.0,0.0,3.0,0.0
Ian Herbers,D,herbeia01,0,293,32.0,43.0,0.0,3.0,3.0,-6.0,47.0,0.4,0.0,0.0,0.0,0.0,3.0,0.0,0.0,14.0,0.0
Jamie Heward,D,hewarja01,0,295,29.0,50.333333333333336,6.0,9.666666666666666,15.666666666666666,-5.0,22.0,2.8666666666666667,2.3333333333333335,3.6666666666666665,0.0,0.6666666666666666,4.666666666666667,5.0,0.0,79.33333333333333,6.433333333333334
Sean Hill,D,hillse01,1,298,31.0,68.8,7.8,23.4,31.2,2.0,84.8,6.5,4.0,3.8,0.0,1.0,9.2,13.6,0.6,151.6,4.8
Burke Henry,D,henrybu01,0,302,24.5,19.5,1.0,3.0,4.0,-6.5,16.5,0.35000000000000003,1.0,0.0,0.0,0.0,3.0,0.0,0.0,28.0,3.25
Jason Holland,D,hollaja01,0,305,25.25,16.5,0.75,1.25,2.0,1.25,6.0,0.65,0.75,0.0,0.0,0.25,0.75,0.25,0.25,18.25,1.5666666666666667
Bill Houlder,D,houldbi01,0,310,33.5,79.0,2.25,9.5,11.75,-4.75,38.0,3.5250000000000004,1.5,0.5,0.25,0.75,7.5,0.75,1.25,65.5,3.1
Phil Housley*,D,houslph01,1,311,36.5,71.25,9.0,30.25,39.25,-6.0,27.0,6.125,5.25,3.75,0.0,2.5,13.25,17.0,0.0,161.5,5.275
Shane Hnidy,D,hnidysh01,0,316,26.5,49.5,1.0,4.5,5.5,0.5,88.25,1.3,1.0,0.0,0.0,0.25,4.5,0.0,0.0,41.75,2.325
Cale Hulse,D,hulseca01,0,318,28.0,70.8,1.4,7.6,9.0,-9.8,108.0,2.12,1.2,0.2,0.0,0.4,7.4,0.2,0.0,80.2,1.7
Andrew Hutchinson,D,hutchan01,0,320,23.0,18.0,4.0,4.0,8.0,1.0,4.0,1.7,2.0,2.0,0.0,1.0,2.0,2.0,0.0,24.0,16.7
Ric Jackman,D,jackmri01,0,323,23.0,27.2,2.0,5.0,7.0,-6.8,18.8,0.8,0.4,1.6,0.0,0.4,2.2,2.6,0.2,31.2,3.2399999999999998
Barret Jackman,D,jackmba01,0,325,21.0,32.666666666666664,1.3333333333333333,6.0,7.333333333333333,7.333333333333333,77.0,2.066666666666667,1.3333333333333333,0.0,0.0,0.0,6.0,0.0,0.0,26.0,4.533333333333333
John Jakopin,D,jakopjo01,0,325,25.5,27.0,0.25,1.5,1.75,-1.0,35.25,0.47500000000000003,0.25,0.0,0.0,0.0,1.5,0.0,0.0,7.5,1.075
Calle Johansson,D,johanca01,0,328,34.0,51.8,3.8,14.4,18.2,6.8,16.0,3.9199999999999995,2.4,1.4,0.0,0.8,9.6,4.2,0.6,79.0,4.92
Aaron Johnson,D,johnsaa01,0,332,20.0,29.0,2.0,6.0,8.0,-2.0,32.0,1.6,2.0,0.0,0.0,1.0,6.0,0.0,0.0,33.0,6.1
Jeff Jillson,D,jillsje01,0,332,22.0,46.0,3.0,10.666666666666666,13.666666666666666,-3.0,30.666666666666668,2.1999999999999997,1.6666666666666667,1.3333333333333333,0.0,1.0,4.0,6.666666666666667,0.0,61.333333333333336,4.7
Kim Johnsson,D,johnski01,1,334,25.0,79.0,9.0,24.8,33.8,4.6,38.4,6.6,5.2,3.8,0.0,1.4,13.6,10.8,0.4,140.6,6.24
Hans Jonsson,D,jonssha01,0,337,27.5,60.5,2.5,9.5,12.0,-7.25,23.0,1.85,1.25,1.0,0.25,0.25,7.75,1.25,0.5,42.5,5.775
Kenny Jönsson,D,jonsske01,1,339,27.0,71.2,6.4,21.8,28.2,-1.0,26.8,5.14,3.2,2.8,0.4,0.4,11.6,9.0,1.2,99.2,6.28
Chris Joseph,D,josepch01,0,340,30.5,45.0,1.5,6.5,8.0,-10.0,21.0,0.8,0.5,0.5,0.5,0.0,5.0,1.5,0.0,72.0,2.0
Ed Jovanovski,D,jovaned01,1,341,25.0,71.8,9.4,28.6,38.0,2.0,86.8,6.5200000000000005,6.0,3.2,0.2,1.6,14.6,12.8,1.2,158.4,5.64
Frantisek Kaberle,D,kaberfr01,1,343,28.0,61.8,4.0,18.2,22.2,-5.4,22.8,3.54,2.2,1.4,0.4,0.8,8.8,9.2,0.2,91.2,4.26
Tomas Kaberle,D,kaberto01,1,344,23.0,77.2,7.4,33.0,40.4,10.8,19.6,7.42,5.0,2.2,0.2,1.4,17.6,14.0,1.4,94.0,7.840000000000001
Dmitri Kalinin,D,kalindm01,0,345,21.0,56.6,4.8,13.2,18.0,-3.0,33.4,3.7600000000000002,3.0,1.4,0.4,0.8,8.0,5.0,0.2,71.8,5.12
Jere Karalahti,D,karalje01,0,348,25.0,49.666666666666664,2.6666666666666665,6.333333333333333,9.0,1.6666666666666667,32.333333333333336,2.1,1.3333333333333333,1.3333333333333333,0.0,0.3333333333333333,4.333333333333333,1.0,1.0,40.666666666666664,5.466666666666666
Dave Karpa,D,karpada01,0,352,29.5,50.25,1.5,5.5,7.0,-5.0,89.0,1.5,1.0,0.5,0.0,0.25,5.0,0.25,0.25,39.75,2.975
Alexander Karpovtsev,D,karpoal01,0,353,31.0,50.8,2.0,10.8,12.8,-1.8,32.6,2.38,0.4,1.4,0.2,0.2,6.4,4.0,0.4,42.6,4.66
Darius Kasparaitis,D,kaspada01,0,354,29.0,70.8,2.4,12.0,14.4,3.0,106.4,2.96,2.0,0.4,0.0,0.4,10.8,0.6,0.6,70.2,3.4200000000000004
Dan Keczmer,D,keczmda01,0,356,31.0,24.0,0.0,5.0,5.0,-2.0,28.0,0.9,0.0,0.0,0.0,0.0,5.0,0.0,0.0,21.0,0.0
Ken Klee,D,kleeke01,1,367,30.0,67.6,4.4,13.2,17.6,5.6,60.4,3.9599999999999995,3.4,1.0,0.0,1.2,9.0,3.6,0.6,81.6,5.04
Marko Kiprusoff,D,kipruma01,0,368,29.0,27.0,0.0,6.0,6.0,0.0,4.0,0.9,0.0,0.0,0.0,0.0,5.0,1.0,0.0,17.0,0.0
Jon Klemm,D,klemmjo01,0,368,32.0,76.0,3.4,10.6,14.0,10.4,43.6,4.24,2.4,1.0,0.0,1.0,8.2,1.8,0.6,83.4,4.2
Alexander Khavanov,D,khavaal01,1,372,30.5,71.0,5.25,17.25,22.5,6.5,43.25,5.0,3.5,1.5,0.25,0.5,8.75,7.75,0.75,82.75,6.175
Evgeny Korolev,D,korolev01,0,374,22.0,14.0,0.3333333333333333,1.3333333333333333,1.6666666666666667,-3.3333333333333335,6.666666666666667,0.13333333333333333,0.3333333333333333,0.0,0.0,0.0,1.0,0.3333333333333333,0.0,9.0,4.766666666666667
Rostislav Klesla,D,kleslro01,0,380,19.5,50.5,3.5,8.25,11.75,-11.25,44.5,2.2,3.25,0.25,0.0,0.25,4.75,3.25,0.25,68.75,8.175
Igor Kravchuk,D,kravcig01,0,381,34.5,50.25,2.75,12.0,14.75,-3.25,15.25,2.775,1.25,1.5,0.0,0.75,4.75,7.0,0.25,84.0,2.325
Tomas Kloucek,D,kloucto01,0,381,21.5,35.0,0.5,2.0,2.5,-2.25,62.0,0.275,0.5,0.0,0.0,0.0,1.75,0.0,0.25,14.0,2.325
Tom Koivisto,D,koivito01,0,383,28.0,22.0,2.0,4.0,6.0,1.0,10.0,1.2,2.0,0.0,0.0,1.0,1.0,3.0,0.0,26.0,7.7
Filip Kuba,D,kubafi01,1,386,25.0,61.0,5.6,17.0,22.6,-4.4,23.8,4.9,2.2,2.8,0.6,1.8,9.0,7.6,0.4,100.2,5.66
Pavel Kubina,D,kubinpa01,1,387,24.0,75.4,10.0,19.4,29.4,-10.6,93.0,5.3,4.2,5.0,0.8,2.2,11.0,8.2,0.2,147.4,6.8
Mike Komisarek,D,komismi01,0,389,21.5,33.5,0.0,2.5,2.5,-1.0,31.0,0.6,0.0,0.0,0.0,0.0,2.5,0.0,0.0,33.0,0.0
Scott Lachance,D,lachasc01,0,390,29.0,70.4,0.8,6.4,7.2,-5.4,41.6,1.9600000000000002,0.8,0.0,0.0,0.0,5.8,0.4,0.2,42.8,1.52
Niklas Kronwall,D,kronwni01,0,391,23.0,20.0,1.0,4.0,5.0,5.0,16.0,1.3,1.0,0.0,0.0,1.0,4.0,0.0,0.0,18.0,5.6
Christian Laflamme,D,laflach01,0,394,25.0,35.0,0.0,4.2,4.2,-3.8,30.2,0.7,0.0,0.0,0.0,0.0,4.0,0.2,0.0,19.8,0.0
Justin Kurtz,D,kurtzju01,0,405,25.0,27.0,3.0,5.0,8.0,-4.0,14.0,1.2,1.0,2.0,0.0,0.0,1.0,4.0,0.0,30.0,10.0
Frantisek Kucera,D,kucerfr01,0,405,32.5,55.5,1.5,10.0,11.5,0.0,12.0,2.4,1.5,0.0,0.0,0.0,8.5,1.0,0.5,63.5,2.4
Jarno Kultanen,D,kultaja01,0,407,29.0,34.0,0.6666666666666666,3.6666666666666665,4.333333333333333,-1.0,19.666666666666668,1.0,0.6666666666666666,0.0,0.0,0.3333333333333333,2.3333333333333335,1.3333333333333333,0.0,36.666666666666664,0.8666666666666667
Janne Laukkanen,D,laukkja01,0,407,30.5,46.75,3.25,12.0,15.25,1.5,34.25,2.75,2.25,1.0,0.0,0.25,8.25,3.0,0.75,54.25,8.375
Paul Laus,D,lauspa01,0,408,30.0,49.0,2.6666666666666665,4.333333333333333,7.0,1.6666666666666667,131.66666666666666,1.3,2.3333333333333335,0.0,0.3333333333333333,0.0,4.0,0.3333333333333333,0.0,33.666666666666664,7.566666666666666
Maxim Kuznetsov,D,kuznema01,0,409,24.5,34.0,0.5,2.0,2.5,-1.25,34.25,0.55,0.5,0.0,0.0,0.0,2.0,0.0,0.0,22.0,2.4000000000000004
Joel Kwiatkowski,D,kwiatjo01,0,412,24.5,37.25,1.75,2.75,4.5,-4.75,29.75,1.0,1.25,0.5,0.0,0.0,2.5,0.25,0.0,39.25,14.175
Grant Ledyard,D,ledyagr01,0,414,39.0,38.333333333333336,1.6666666666666667,3.3333333333333335,5.0,-3.3333333333333335,12.0,1.2,1.6666666666666667,0.0,0.0,0.3333333333333333,2.3333333333333335,1.0,0.0,29.333333333333332,6.333333333333333
Brian Leetch*,D,leetcbr01,1,416,33.0,67.4,13.0,35.2,48.2,-3.4,27.2,7.24,7.8,4.8,0.4,2.4,14.6,19.2,1.4,184.6,6.92
Sylvain Lefebvre,D,lefebsy01,0,417,33.5,57.25,1.0,7.5,8.5,-5.0,32.75,1.2999999999999998,1.0,0.0,0.0,0.0,6.0,0.25,1.25,35.0,2.025
Curtis Leschyshyn,D,leschcu01,0,422,32.0,61.4,1.0,5.6,6.6,1.0,22.2,2.06,0.8,0.2,0.0,0.2,4.8,0.8,0.0,40.2,2.44
Nicklas Lidström*,D,lidstni01,1,425,31.0,80.8,14.4,46.2,60.6,20.0,22.4,11.459999999999999,6.4,6.8,1.2,2.0,21.0,24.2,1.0,214.8,6.88
Richard Lintner,D,lintnri01,0,431,23.333333333333332,37.333333333333336,2.6666666666666665,4.0,6.666666666666667,-6.0,18.0,1.3,1.6666666666666667,1.0,0.0,0.0,3.0,1.0,0.0,61.333333333333336,4.766666666666667
Brad Lukowich,D,lukowbr01,0,434,25.0,71.0,2.8,9.0,11.8,9.2,47.2,3.56,2.8,0.0,0.0,0.8,7.6,1.2,0.2,54.0,5.58
Jyrki Lumme,D,lummejy01,1,435,34.5,67.75,5.5,18.25,23.75,7.5,39.0,4.925,3.5,1.5,0.5,1.75,11.25,6.25,0.75,91.0,6.15
John-Michael Liles,D,lilesjo01,1,437,23.0,79.0,10.0,24.0,34.0,7.0,28.0,6.5,8.0,2.0,0.0,1.0,12.0,12.0,0.0,115.0,8.7
Al MacInnis*,D,macinal01,1,437,38.0,54.8,10.0,31.8,41.8,13.4,41.0,8.059999999999999,4.2,5.4,0.4,3.2,13.4,17.6,0.8,200.4,4.04
Jordan Leopold,D,leopojo01,1,439,22.5,70.0,6.5,17.0,23.5,-3.5,18.0,5.050000000000001,2.0,4.5,0.0,0.5,9.5,7.0,0.5,108.0,5.8
Vladimir Malakhov,D,malakvl01,0,441,33.0,48.2,2.6,11.6,14.2,-0.4,43.4,2.4,1.8,0.8,0.0,0.2,6.0,4.8,0.8,79.0,3.04
Marek Malík,D,malikma01,1,444,26.0,71.4,4.8,14.4,19.2,14.4,59.6,5.3,4.2,0.4,0.2,0.8,11.2,2.6,0.6,71.6,6.74
Dave Manson,D,mansoda01,0,449,34.0,61.333333333333336,1.6666666666666667,6.0,7.666666666666667,9.0,62.666666666666664,2.566666666666667,1.6666666666666667,0.0,0.0,0.0,4.333333333333333,1.6666666666666667,0.0,57.333333333333336,2.4
Andreas Lilja,D,liljaan01,0,449,26.5,45.0,2.0,4.75,6.75,1.5,46.5,2.15,1.75,0.25,0.0,0.0,4.0,0.5,0.25,41.0,4.425
Paul Mara,D,marapa01,1,450,22.0,69.0,7.2,18.6,25.8,-13.4,62.2,3.88,5.2,2.0,0.0,0.4,10.2,8.0,0.4,100.6,7.56
Bryan Marchment,D,marchbr02,0,452,32.0,70.4,2.4,10.0,12.4,9.2,140.2,3.5,2.2,0.0,0.2,0.6,8.8,0.8,0.4,66.4,3.34
Danny Markov,D,markoda01,1,454,25.0,66.4,3.8,16.4,20.2,1.6,52.0,3.9799999999999995,1.8,2.0,0.0,1.0,10.2,5.8,0.4,79.0,4.34
Jason Marshall,D,marshja02,0,457,30.0,51.8,2.0,4.8,6.8,-6.0,90.6,1.5,1.0,0.8,0.2,0.2,3.6,1.0,0.2,45.4,3.9200000000000004
Toni Lydman,D,lydmato01,1,460,24.5,72.25,4.75,18.5,23.25,-4.0,35.0,4.8,3.0,1.75,0.0,0.25,8.75,9.0,0.75,110.5,4.275
Richard Matvichuk,D,matviri01,1,462,28.0,74.6,3.8,14.8,18.6,4.8,50.0,5.0,2.6,1.2,0.0,1.2,10.4,3.6,0.8,82.2,4.279999999999999
Ivan Majesky,D,majesiv01,0,466,26.5,72.5,3.5,7.5,11.0,-12.5,84.0,2.15,3.5,0.0,0.0,1.0,7.5,0.0,0.0,43.5,8.15
Chris McAlpine,D,mcalpch01,0,466,29.5,36.25,0.5,3.25,3.75,0.25,29.5,1.05,0.5,0.0,0.0,0.0,3.25,0.0,0.0,37.5,1.475
Tomas Malec,D,malecto01,0,468,20.5,21.5,0.0,1.0,1.0,-3.0,22.5,0.2,0.0,0.0,0.0,0.0,0.5,0.5,0.0,15.5,0.0
Bryan McCabe,D,mccabbr01,1,468,26.0,78.6,10.0,24.8,34.8,11.0,122.4,7.220000000000001,5.2,4.8,0.0,1.6,12.6,11.6,0.6,150.4,6.4799999999999995
Steve McCarthy,D,mccarst01,0,470,20.0,26.8,0.6,2.6,3.2,-3.6,9.0,0.6,0.4,0.2,0.0,0.0,1.8,0.8,0.0,24.4,6.04
Dan McGillis,D,mcgilda01,1,475,29.0,75.2,6.2,20.6,26.8,9.6,62.4,5.88,3.8,2.4,0.0,1.6,11.6,8.6,0.4,145.8,3.9799999999999995
Radek Martínek,D,martira01,0,478,26.0,45.333333333333336,2.3333333333333335,6.0,8.333333333333334,3.6666666666666665,28.333333333333332,2.033333333333333,2.3333333333333335,0.0,0.0,1.0,5.333333333333333,0.6666666666666666,0.0,46.666666666666664,5.1000000000000005
Jay McKee,D,mckeeja01,0,478,24.0,67.0,2.0,8.2,10.2,4.4,51.8,3.34,1.8,0.2,0.0,0.6,7.2,0.2,0.8,53.8,3.7
Paul Martin,D,martipa01,1,480,22.0,70.0,6.0,18.0,24.0,12.0,4.0,6.2,4.0,2.0,0.0,2.0,10.0,8.0,0.0,82.0,7.3
Andrei Markov,D,markoan01,1,480,23.5,66.75,7.5,20.5,28.0,1.0,24.0,5.4,5.25,2.25,0.0,0.75,10.25,10.25,0.0,104.75,7.0
Kyle McLaren,D,mclarky01,0,481,24.0,52.8,3.0,12.2,15.2,-2.6,45.8,3.0,2.0,0.8,0.2,0.6,9.6,1.6,1.0,80.0,2.82
Marty McSorley,D,mcsorma01,0,482,36.0,27.0,2.0,3.0,5.0,2.0,62.0,1.4,2.0,0.0,0.0,0.0,2.0,1.0,0.0,24.0,8.3
Craig Millar,D,millacr01,0,488,23.5,39.0,2.0,6.0,8.0,-6.5,22.0,1.3,2.0,0.0,0.0,1.0,5.0,1.0,0.0,31.0,7.15
Aaron Miller,D,milleaa01,0,489,30.0,56.0,2.4,8.0,10.4,5.8,37.8,3.12,2.2,0.0,0.2,0.6,7.2,0.2,0.6,47.6,4.5
Boris Mironov,D,mironbo01,1,492,29.0,63.8,5.4,16.4,21.8,0.2,64.8,4.04,3.0,2.0,0.4,0.6,10.2,5.8,0.4,123.0,4.76
Dmitri Mironov,D,mirondm01,0,493,34.5,54.5,3.0,12.0,15.0,0.0,17.0,2.9,2.0,1.0,0.0,0.5,6.0,5.5,0.5,66.0,6.05
Willie Mitchell,D,mitchwi01,0,494,24.0,48.4,1.4,8.8,10.2,2.8,55.0,2.94,1.2,0.0,0.2,0.4,7.2,1.0,0.6,44.8,2.5
Jaroslav Modrý,D,modryja01,1,497,30.0,66.0,6.2,21.8,28.0,1.6,48.6,5.3,2.6,3.6,0.0,0.6,9.6,11.4,0.8,124.8,6.7
Ian Moran,D,morania01,0,500,29.0,58.0,2.0,6.4,8.4,-6.2,37.2,1.54,2.0,0.0,0.0,0.4,6.2,0.0,0.2,75.0,3.0
Derek Morris,D,morride01,1,506,23.0,69.6,7.0,29.0,36.0,-0.4,68.2,6.159999999999999,3.0,3.8,0.2,3.0,13.8,14.8,0.4,171.8,4.0
Josef Melichar,D,melicjo01,0,510,23.5,42.0,0.75,2.5,3.25,-6.25,38.25,0.575,0.75,0.0,0.0,0.0,1.75,0.5,0.25,34.75,0.95
Bryan Muir,D,muirbr01,0,511,28.0,23.0,0.8,2.2,3.0,-2.2,18.8,0.52,0.6,0.0,0.2,0.0,1.0,1.0,0.2,21.0,1.94
Gord Murphy,D,murphgo01,0,513,33.0,33.333333333333336,1.3333333333333333,7.666666666666667,9.0,-11.666666666666666,21.0,0.9,0.6666666666666666,0.6666666666666666,0.0,0.0,3.6666666666666665,3.0,1.0,42.666666666666664,2.733333333333333
Zbynek Michalek,D,michazb01,0,514,21.0,22.0,1.0,1.0,2.0,-7.0,4.0,0.2,1.0,0.0,0.0,0.0,1.0,0.0,0.0,17.0,5.9
Larry Murphy*,D,murphla01,1,515,38.5,69.0,6.0,24.5,30.5,-1.0,28.5,5.0,2.5,3.5,0.0,0.5,16.5,8.0,0.0,113.5,4.65
Branislav Mezei,D,mezeibr01,0,515,21.5,30.5,0.75,3.25,4.0,-2.25,38.75,0.875,0.75,0.0,0.0,0.25,3.0,0.0,0.25,17.25,5.85
Steve Montador,D,montast01,0,519,23.0,29.0,1.0,1.6666666666666667,2.6666666666666665,-4.0,63.333333333333336,0.5666666666666668,1.0,0.0,0.0,0.3333333333333333,1.3333333333333333,0.3333333333333333,0.0,35.0,4.933333333333334
Rumun Ndur,D,ndurru01,0,526,24.0,27.0,1.0,0.0,1.0,-17.0,71.0,-0.7,1.0,0.0,0.0,0.0,0.0,0.0,0.0,6.0,16.7
Stan Neckar,D,neckast01,0,527,26.0,56.6,1.2,4.8,6.0,-4.8,34.8,1.6400000000000001,1.0,0.0,0.2,0.4,4.2,0.4,0.2,27.2,4.7
Scott Niedermayer*,D,niedesc01,1,533,28.0,73.2,9.8,30.0,39.8,17.6,41.2,8.78,6.6,3.2,0.0,3.4,19.6,9.8,0.6,130.8,7.4
Shaone Morrisonn,D,morrish01,0,535,20.5,22.0,0.5,3.5,4.0,5.0,9.0,1.2,0.5,0.0,0.0,0.0,3.5,0.0,0.0,9.0,3.55
Janne Niinimaa,D,niinija01,1,537,26.0,80.4,7.8,29.2,37.0,7.2,80.6,7.220000000000001,3.8,3.6,0.4,1.0,14.6,13.6,1.0,114.4,6.859999999999999
Mattias Norström,D,norstma01,0,541,30.0,79.8,0.8,11.8,12.6,5.4,51.4,3.62,0.8,0.0,0.0,0.0,11.0,0.4,0.4,58.2,1.5799999999999998
Jeff Norton,D,nortoje01,0,542,35.0,45.333333333333336,0.6666666666666666,12.0,12.666666666666666,1.6666666666666667,29.0,2.2333333333333334,0.3333333333333333,0.3333333333333333,0.0,0.3333333333333333,10.333333333333334,1.3333333333333333,0.3333333333333333,27.333333333333332,3.033333333333333
Teppo Numminen,D,nummite01,1,544,33.0,73.4,7.0,26.6,33.6,7.6,24.0,6.62,5.2,1.8,0.0,2.2,10.8,14.6,1.2,108.6,6.24
Sean O'Donnell,D,odonnse01,1,546,30.0,78.4,2.2,14.4,16.6,9.8,110.0,4.2,1.8,0.4,0.0,1.2,11.2,1.8,1.4,72.6,3.12
Lyle Odelein,D,odelely01,0,550,33.0,76.2,3.6,13.6,17.2,-10.6,100.8,3.3,2.8,0.8,0.0,0.2,9.4,3.8,0.4,84.8,4.4799999999999995
Mattias Öhlund,D,ohlunma01,1,553,25.0,65.8,7.6,21.8,29.4,4.2,48.2,5.5600000000000005,4.6,2.4,0.6,2.2,10.6,10.4,0.8,124.2,6.0600000000000005
Fredrik Olausson,D,olausfr01,1,554,34.666666666666664,53.666666666666664,6.333333333333333,12.666666666666666,19.0,-1.3333333333333333,24.0,3.6666666666666665,2.6666666666666665,3.3333333333333335,0.3333333333333333,1.0,6.666666666666667,6.0,0.0,73.0,7.033333333333334
Sandis Ozolinsh,D,ozolisa01,1,559,29.0,71.0,11.8,29.8,41.6,-5.6,51.0,7.42,7.4,4.0,0.4,1.8,16.8,12.8,0.2,144.4,8.28
Antti-Jussi Niemi,D,niemian01,0,559,23.5,14.5,0.5,0.5,1.0,-3.5,11.0,0.2,0.5,0.0,0.0,0.0,0.5,0.0,0.0,9.0,5.6
Brad Norton,D,nortobr01,0,562,27.0,37.0,1.0,2.3333333333333335,3.3333333333333335,-2.0,78.66666666666667,0.6666666666666666,1.0,0.0,0.0,0.0,2.3333333333333335,0.0,0.0,13.666666666666666,5.266666666666667
James Patrick,D,patrija01,0,564,38.0,60.0,4.4,8.8,13.2,5.6,17.6,3.6799999999999997,3.6,0.8,0.0,1.0,6.0,2.8,0.0,48.0,9.459999999999999
Petteri Nummelin,D,nummepe01,0,569,28.0,61.0,4.0,12.0,16.0,-11.0,10.0,2.6,2.0,2.0,0.0,0.0,4.0,8.0,0.0,99.0,4.0
Ricard Persson,D,perssri01,0,571,31.0,36.0,1.0,7.666666666666667,8.666666666666666,3.0,38.333333333333336,1.7333333333333334,1.0,0.0,0.0,0.3333333333333333,6.0,1.3333333333333333,0.3333333333333333,36.0,2.6666666666666665
Chris Phillips,D,phillch02,1,574,23.0,72.2,4.6,14.8,19.4,9.4,43.2,4.5,3.6,1.0,0.0,0.8,10.8,3.8,0.2,93.2,4.84
Rich Pilon,D,pilonri01,0,576,32.0,43.666666666666664,0.6666666666666666,5.666666666666667,6.333333333333333,-1.6666666666666667,84.66666666666667,1.0666666666666667,0.6666666666666666,0.0,0.0,0.0,5.666666666666667,0.0,0.0,14.333333333333334,2.766666666666667
Lance Pitlick,D,pitlila01,0,577,33.0,55.0,1.6666666666666667,2.6666666666666665,4.333333333333333,-4.0,32.666666666666664,1.0666666666666667,1.6666666666666667,0.0,0.0,0.3333333333333333,2.6666666666666665,0.0,0.0,21.666666666666668,7.466666666666666
Peter Popovic,D,popovpe01,0,583,31.5,57.0,1.0,5.5,6.5,-6.5,39.0,1.15,1.0,0.0,0.0,0.0,5.0,0.5,0.0,28.5,3.5999999999999996
Brooks Orpik,D,orpikbr01,0,584,22.5,42.5,0.5,4.5,5.0,-20.5,64.5,-0.4,0.5,0.0,0.0,0.0,2.5,0.5,1.5,29.0,0.9
Tom Poti,D,potito01,1,585,24.0,74.0,8.8,24.0,32.8,-2.6,54.8,5.779999999999999,5.2,3.4,0.2,2.4,12.2,11.0,0.8,133.4,6.4
Nolan Pratt,D,prattno01,0,587,26.0,56.2,1.2,3.2,4.4,-3.8,51.6,1.44,1.2,0.0,0.0,0.4,3.0,0.0,0.2,36.8,3.1399999999999997
Chris Pronger*,D,prongch01,1,592,27.0,58.6,8.8,34.0,42.8,18.6,77.0,9.080000000000002,4.0,4.6,0.2,1.8,14.6,17.8,1.6,146.2,6.659999999999999
Dale Purinton,D,purinda01,0,596,25.0,36.2,0.8,3.2,4.0,-0.6,115.6,0.6799999999999999,0.8,0.0,0.0,0.0,3.2,0.0,0.0,21.2,1.8399999999999999
Jamie Pushor,D,pushoja01,0,597,28.0,60.6,1.2,5.4,6.6,-7.8,61.8,1.7,1.0,0.0,0.2,0.0,5.0,0.0,0.4,43.0,2.06
Deron Quint,D,quintde01,0,598,25.0,57.6,5.8,11.6,17.4,-17.2,20.8,2.58,3.8,2.0,0.0,0.4,5.8,5.8,0.0,113.6,5.38
Stephane Quintal,D,quintst01,0,599,33.0,72.4,3.4,10.4,13.8,-4.0,75.2,3.1,3.2,0.2,0.0,0.4,9.2,1.0,0.2,91.0,4.0600000000000005
Karel Rachunek,D,rachuka01,0,600,22.0,51.6,2.4,17.8,20.2,11.0,29.8,4.1,0.8,1.6,0.0,0.6,10.2,7.2,0.4,73.0,2.9400000000000004
Brian Rafalski,D,rafalbr01,1,601,28.0,75.4,6.0,35.4,41.4,19.2,22.0,8.36,3.4,2.6,0.0,1.4,21.4,13.8,0.2,140.6,4.42
Marcus Ragnarsson,D,ragnama01,1,602,30.0,67.8,4.2,12.4,16.6,7.6,49.2,4.4,3.0,1.2,0.0,1.0,8.0,3.4,1.0,72.6,5.76
Karel Pilar,D,pilarka01,0,602,25.0,30.0,2.0,8.0,10.0,-0.6666666666666666,14.0,1.6666666666666667,1.3333333333333333,0.6666666666666666,0.0,0.6666666666666666,5.0,3.0,0.0,42.666666666666664,6.466666666666666
Ales Pisa,D,pisaal01,0,605,25.5,26.5,0.5,1.5,2.0,6.0,13.0,1.0,0.0,0.5,0.0,0.0,1.5,0.0,0.0,20.0,1.35
Mike Rathje,D,rathjmi01,1,605,27.0,72.2,3.2,15.2,18.4,5.4,44.2,4.46,1.6,1.4,0.2,0.2,9.0,5.4,0.8,88.6,3.9800000000000004
Steve Poapst,D,poapsst01,0,608,33.5,55.0,1.75,5.75,7.5,1.75,29.5,2.25,1.75,0.0,0.0,0.25,5.0,0.25,0.5,44.75,4.3
Wade Redden,D,reddewa01,1,609,24.0,79.0,11.2,29.8,41.0,17.4,56.2,8.66,5.6,5.4,0.2,1.8,15.8,13.8,0.2,161.4,6.88
Joe Reekie,D,reekijo01,0,610,35.0,62.666666666666664,1.3333333333333333,7.333333333333333,8.666666666666666,10.0,65.33333333333333,2.9000000000000004,1.3333333333333333,0.0,0.0,0.3333333333333333,7.0,0.3333333333333333,0.0,41.333333333333336,3.1666666666666665
Robyn Regehr,D,regehro01,0,611,21.0,72.6,2.4,8.4,10.8,-5.6,74.0,2.88,1.6,0.8,0.0,0.2,5.4,2.4,0.6,84.6,3.12
Todd Reirden,D,reirdto01,0,614,29.75,41.5,2.25,8.0,10.25,-3.25,40.25,1.825,1.75,0.5,0.0,0.25,5.75,2.0,0.25,57.25,3.025
Brian Pothier,D,pothibr01,0,614,24.5,26.25,1.75,4.0,5.75,0.5,13.5,1.25,1.25,0.5,0.0,0.75,3.25,0.75,0.0,41.5,5.3
Joni Pitkänen,D,pitkajo01,1,618,20.0,71.0,8.0,19.0,27.0,15.0,44.0,6.2,3.0,5.0,0.0,2.0,7.0,12.0,0.0,133.0,6.0
Luke Richardson,D,richalu01,0,619,32.0,74.8,1.2,7.4,8.6,5.6,98.8,3.2399999999999998,1.0,0.0,0.2,0.4,6.6,0.0,0.8,56.0,2.2199999999999998
Jamie Rivers,D,riverja01,0,623,26.0,47.4,2.0,5.2,7.2,2.4,44.0,1.7,1.6,0.4,0.0,0.2,3.8,1.4,0.0,44.0,4.7
Craig Rivet,D,rivetcr01,0,624,27.0,66.2,4.6,11.2,15.8,0.8,71.4,3.8200000000000003,3.6,1.0,0.0,0.8,9.2,1.8,0.2,79.4,5.540000000000001
Bert Robertsson,D,roberbe01,0,626,25.5,27.0,0.0,2.0,2.0,-2.0,19.0,0.35000000000000003,0.0,0.0,0.0,0.0,1.5,0.0,0.5,15.5,0.0
Stephane Robidas,D,robidst01,0,627,24.0,51.4,2.6,6.6,9.2,-1.2,20.8,2.3,1.8,0.6,0.2,0.4,5.4,1.2,0.0,51.0,5.125
Tom Preissing,D,preisto01,0,633,25.0,69.0,2.0,17.0,19.0,8.0,12.0,4.3,0.0,2.0,0.0,1.0,9.0,8.0,0.0,89.0,2.2
Bob Rouse,D,rousebo01,0,638,35.0,26.0,0.0,1.0,1.0,-3.0,19.0,0.3,0.0,0.0,0.0,0.0,0.0,0.0,1.0,20.0,0.0
Michal Rozsíval,D,rozsimi01,0,640,22.5,59.25,4.5,11.75,16.25,0.75,40.25,3.375,3.0,1.5,0.0,1.25,9.0,2.75,0.0,60.0,7.025
Ruslan Salei,D,saleiru01,0,646,27.0,69.2,3.6,7.2,10.8,-4.0,89.8,3.4,3.2,0.2,0.2,0.6,6.6,0.6,0.0,104.6,3.4
Sami Salo,D,salosa01,1,647,27.0,57.4,5.6,15.6,21.2,6.6,11.6,4.38,2.6,2.8,0.2,1.2,8.0,6.6,1.0,107.4,5.14
Ulf Samuelsson,D,samueul01,0,649,35.0,49.0,1.0,2.0,3.0,8.0,58.0,2.2,1.0,0.0,0.0,1.0,2.0,0.0,0.0,17.0,5.9
Cory Sarich,D,saricco01,0,653,23.0,73.6,1.8,10.0,11.8,-6.6,88.0,2.46,1.6,0.0,0.2,0.8,8.6,0.2,1.2,72.4,2.2
Mathieu Schneider,D,schnema01,1,662,32.0,72.8,12.6,28.8,41.4,4.2,66.2,7.8,6.4,5.8,0.4,1.6,11.8,16.6,0.4,179.6,7.06
Todd Rohloff,D,rohloto01,0,663,29.0,37.5,0.0,3.0,3.0,-9.5,20.0,0.3,0.0,0.0,0.0,0.0,3.0,0.0,0.0,20.5,0.0
Darryl Shannon,D,shannda01,0,668,31.5,41.5,3.0,11.0,14.0,-15.5,46.5,1.65,2.5,0.5,0.0,0.5,6.5,4.5,0.0,59.0,2.7
Kirill Safronov,D,safroki01,0,675,20.5,17.5,1.0,1.0,2.0,-7.5,8.0,-0.1,1.0,0.0,0.0,0.0,0.5,0.5,0.0,11.5,4.75
Todd Simpson,D,simpsto01,0,677,28.0,63.0,2.0,6.8,8.8,4.2,145.4,2.48,2.0,0.0,0.0,0.2,6.8,0.0,0.0,51.0,3.9
Bryce Salvador,D,salvabr01,0,677,25.5,70.25,3.0,7.0,10.0,0.5,72.25,2.8,2.5,0.5,0.0,1.0,6.75,0.25,0.0,57.5,6.125
Martin Skoula,D,skoulma01,1,679,22.0,80.8,5.8,18.6,24.4,5.2,40.0,5.2,3.2,2.6,0.0,0.6,12.0,6.4,0.2,90.2,6.2
Karlis Skrastins,D,skraska01,0,680,27.0,77.4,3.6,9.6,13.2,-6.2,31.2,3.4799999999999995,3.0,0.2,0.4,1.0,8.0,1.0,0.6,77.8,4.9
Jiri Slegr,D,slegrji01,1,683,29.75,61.75,7.0,18.0,25.0,0.25,68.0,4.225,5.5,1.0,0.5,1.25,12.0,5.75,0.25,113.5,5.925
Allan Rourke,D,rourkal01,0,684,23.0,25.0,1.0,2.0,3.0,4.0,22.0,1.2,1.0,0.0,0.0,0.0,1.0,1.0,0.0,24.0,4.2
Richard Smehlik,D,smehlri01,0,685,31.5,58.75,2.5,9.5,12.0,1.25,23.0,3.05,2.5,0.0,0.0,0.5,8.25,0.75,0.5,52.0,5.1
D.J. Smith,D,smithdj01,0,687,23.5,18.5,0.5,0.0,0.5,0.5,30.0,0.2,0.5,0.0,0.0,0.0,0.0,0.0,0.0,4.5,7.15
Kurt Sauer,D,sauerku01,0,687,22.5,74.5,1.0,3.5,4.5,-17.0,62.5,1.1,1.0,0.0,0.0,0.0,3.0,0.0,0.5,47.0,2.15
Jason Smith,D,smithja01,1,689,28.0,74.4,4.8,11.8,16.6,12.4,89.0,4.74,4.0,0.2,0.6,0.8,11.0,0.4,0.4,99.6,5.040000000000001
Steve Smith,D,smithst05,0,690,36.5,16.5,0.0,3.0,3.0,-7.5,29.5,0.1,0.0,0.0,0.0,0.0,3.0,0.0,0.0,6.5,0.0
Nick Schultz,D,schulni01,0,695,20.0,68.66666666666667,4.333333333333333,7.666666666666667,12.0,7.666666666666667,17.666666666666668,4.366666666666666,3.6666666666666665,0.6666666666666666,0.0,0.6666666666666666,5.666666666666667,1.6666666666666667,0.3333333333333333,63.0,7.033333333333334
Brent Sopel,D,sopelbr01,1,695,25.0,59.4,6.2,18.6,24.8,6.0,25.0,4.7,3.6,2.6,0.0,1.6,10.8,7.6,0.2,104.8,8.42
Lubomir Sekeras,D,sekerlu01,1,696,33.5,53.25,4.5,13.25,17.75,-6.75,30.5,3.525,2.25,2.25,0.0,1.0,7.5,5.25,0.5,59.0,17.425
Sheldon Souray,D,sourash01,1,697,24.75,55.0,6.0,10.25,16.25,-2.75,93.75,3.5250000000000004,4.0,1.75,0.25,1.25,6.0,3.75,0.5,114.5,4.775
Jaroslav Spacek,D,spaceja01,1,698,27.0,71.4,7.2,22.2,29.4,-6.0,49.8,5.3,3.8,3.0,0.4,1.4,10.8,10.4,1.0,116.8,6.2
Steve Staios,D,staiost01,1,700,28.0,65.6,5.4,12.8,18.2,2.4,98.6,3.72,3.6,1.2,0.6,0.4,8.4,3.6,0.8,114.8,4.8
Dennis Seidenberg,D,seidede01,0,703,21.5,31.5,2.0,4.5,6.5,2.0,11.0,1.75,1.5,0.5,0.0,0.0,3.5,1.0,0.0,68.5,1.65
Scott Stevens*,D,stevesc01,1,705,37.0,72.0,5.0,16.8,21.8,21.2,56.2,6.32,4.0,0.8,0.2,1.4,13.4,2.0,1.4,121.2,4.0
Alexei Semenov,D,semenal01,0,707,21.5,46.0,1.5,4.5,6.0,0.5,45.0,1.45,1.0,0.5,0.0,0.0,4.5,0.0,0.0,34.5,4.3
Jason Strudwick,D,strudja01,0,712,26.0,53.8,1.4,3.4,4.8,-2.6,76.8,1.0,1.4,0.0,0.0,0.2,3.4,0.0,0.0,20.6,7.88
Brad Stuart,D,stuarbr02,1,713,22.0,70.8,6.8,21.4,28.2,5.8,41.4,5.66,3.6,3.0,0.2,1.6,11.8,8.8,0.8,108.0,6.26
Radoslav Suchy,D,suchyra01,0,716,25.0,74.4,2.4,10.2,12.6,6.2,14.8,3.3,1.6,0.8,0.0,0.4,8.2,1.6,0.4,49.6,3.7599999999999993
Gary Suter,D,suterga01,1,721,36.0,75.33333333333333,7.333333333333333,26.333333333333332,33.666666666666664,9.333333333333334,64.33333333333333,6.6000000000000005,4.0,3.0,0.3333333333333333,0.6666666666666666,7.333333333333333,17.333333333333332,1.6666666666666667,168.66666666666666,4.4
Andy Sutton,D,suttoan01,0,723,26.0,54.0,3.4,8.8,12.2,-5.6,100.0,2.2399999999999998,0.8,2.2,0.4,0.2,6.2,2.6,0.0,60.2,5.08
Ken Sutton,D,suttoke01,0,724,31.0,26.666666666666668,0.3333333333333333,3.6666666666666665,4.0,2.0,15.666666666666666,0.8333333333333334,0.3333333333333333,0.0,0.0,0.0,3.0,0.6666666666666666,0.0,22.333333333333332,0.9666666666666667
Robert Svehla,D,svehlro01,1,726,32.5,82.0,7.25,30.5,37.75,2.25,68.25,6.975,5.25,2.0,0.0,0.5,18.25,11.75,0.5,123.25,5.9
Petr Svoboda,D,svobope01,0,728,33.5,44.5,1.5,13.0,14.5,-7.5,105.5,2.0,0.5,1.0,0.0,0.0,6.5,4.5,2.0,54.5,4.25
Don Sweeney,D,sweendo01,0,729,35.0,72.8,1.8,10.8,12.6,5.6,30.2,3.34,1.4,0.4,0.0,0.2,9.8,0.8,0.2,61.2,2.8600000000000003
Darryl Sydor,D,sydorda01,1,730,29.0,78.8,6.0,28.4,34.4,4.0,37.6,6.68,2.4,3.6,0.0,0.6,13.2,15.0,0.2,141.8,4.34
Chris Tamer,D,tamerch01,0,733,31.0,67.8,2.4,7.6,10.0,-12.6,100.6,1.42,2.0,0.0,0.4,0.4,7.2,0.2,0.2,62.0,3.8200000000000003
Bruno St. Jacques,D,stjacbr01,0,734,22.0,22.0,0.6666666666666666,2.3333333333333335,3.0,-2.3333333333333335,15.666666666666666,0.6333333333333333,0.6666666666666666,0.0,0.0,0.0,2.3333333333333335,0.0,0.0,13.0,3.5
David Tanabe,D,tanabda01,0,734,21.0,59.2,4.0,10.8,14.8,-9.8,27.4,2.7,1.6,2.4,0.0,0.6,5.6,5.2,0.0,92.6,5.840000000000001
Chris Therien,D,therich01,0,739,30.0,72.8,2.4,9.2,11.6,13.0,46.4,4.0600000000000005,1.6,0.4,0.4,0.8,8.4,0.4,0.4,99.0,2.3
Mattias Timander,D,timanma01,0,743,27.0,66.6,2.2,8.4,10.6,-7.8,27.0,2.2800000000000002,1.8,0.2,0.2,0.6,6.8,1.4,0.2,60.8,3.3400000000000007
Kimmo Timonen,D,timonki01,1,744,26.0,72.8,10.2,26.6,36.8,-3.8,40.4,7.08,4.2,5.8,0.2,1.4,9.6,16.6,0.4,145.2,7.08
Patrick Traverse,D,travepa01,0,750,26.5,56.75,3.25,10.5,13.75,-2.25,22.25,2.775,2.25,1.0,0.0,0.25,6.75,3.75,0.0,55.5,6.15
Dan Trebil,D,trebida01,0,751,25.5,14.5,0.5,0.0,0.5,1.0,3.5,0.30000000000000004,0.5,0.0,0.0,0.0,0.0,0.0,0.0,14.0,25.0
Yannick Tremblay,D,trembya01,1,752,26.0,60.0,6.6,14.8,21.4,-20.6,28.8,2.56,4.0,2.4,0.2,1.2,6.4,8.4,0.0,110.8,5.7
Pascal Trepanier,D,trepapa01,0,753,27.5,42.25,2.5,4.25,6.75,-1.5,46.5,1.725,1.25,1.25,0.0,0.0,2.75,1.5,0.0,51.75,2.9
Pavel Trnka,D,trnkapa01,0,754,25.0,60.0,2.2,11.0,13.2,-0.4,44.6,3.12,1.6,0.6,0.0,0.0,8.6,2.0,0.4,63.0,3.54
Oleg Tverdovsky,D,tverdol01,1,761,24.5,71.75,10.0,27.25,37.25,-1.0,28.75,7.1,5.75,4.25,0.0,2.5,12.5,14.5,0.25,141.0,6.975
Igor Ulanov,D,ulanoig01,0,762,32.0,55.0,2.0,10.4,12.4,4.0,61.4,2.8600000000000003,1.6,0.4,0.0,0.6,7.4,2.2,0.8,41.6,4.38
Petr Svoboda,D,svobope02,0,763,20.0,18.0,1.0,2.0,3.0,-5.0,10.0,0.3,0.0,1.0,0.0,0.0,1.0,1.0,0.0,17.0,5.9
Matthew Spiller,D,spillma01,0,763,20.0,51.0,0.0,0.0,0.0,-11.0,54.0,-0.4,0.0,0.0,0.0,0.0,0.0,0.0,0.0,22.0,0.0
Henrik Tallinder,D,tallihe01,0,765,24.0,40.0,1.3333333333333333,6.333333333333333,7.666666666666667,0.3333333333333333,18.0,1.9333333333333333,1.0,0.3333333333333333,0.0,0.0,4.666666666666667,1.3333333333333333,0.3333333333333333,34.666666666666664,3.233333333333333
Michal Sykora,D,sykormi01,1,767,27.0,49.0,5.0,11.0,16.0,9.0,26.0,3.6,3.0,1.0,1.0,1.0,7.0,4.0,0.0,71.0,7.0
Darren Van Impe,D,vanimda01,0,768,27.5,47.75,3.0,10.5,13.5,-5.5,45.75,2.3,0.75,2.0,0.25,0.25,4.0,6.25,0.25,52.0,6.7
Dick Tarnstrom,D,tarnsdi01,1,770,28.0,67.66666666666667,8.666666666666666,28.666666666666668,37.333333333333336,-20.0,42.0,4.933333333333334,3.6666666666666665,5.0,0.0,0.0,10.666666666666666,17.666666666666668,0.3333333333333333,110.66666666666667,7.099999999999999
Vitaly Vishnevski,D,vishnvi01,0,776,21.0,66.8,2.0,6.0,8.0,-3.8,62.4,2.4200000000000004,1.6,0.2,0.2,0.0,5.4,0.0,0.6,54.2,3.6
Martin Strbak,D,strbama01,0,779,29.0,49.0,5.0,11.0,16.0,-10.0,46.0,2.3,5.0,0.0,0.0,1.0,7.0,4.0,0.0,54.0,9.3
Sergei Vyshedkevich,D,vyshese01,0,780,25.5,15.0,1.0,2.5,3.5,-5.0,8.0,0.35,0.5,0.5,0.0,0.0,1.5,1.0,0.0,16.5,11.8
Aaron Ward,D,wardaa01,0,783,29.0,62.8,2.8,6.0,8.8,-6.0,56.4,2.1399999999999997,2.4,0.4,0.0,0.8,5.4,0.4,0.2,51.8,5.4
Daniel Tjarnqvist,D,tjarnda01,0,784,26.0,72.66666666666667,3.3333333333333335,14.333333333333334,17.666666666666668,-15.333333333333334,20.0,2.5,2.0,0.6666666666666666,0.6666666666666666,0.3333333333333333,12.0,2.0,0.3333333333333333,66.0,5.066666666666666
Rhett Warrener,D,warrerh01,0,787,26.0,66.0,2.2,9.4,11.6,10.4,88.0,4.08,2.0,0.0,0.2,0.8,7.4,1.2,0.8,73.2,2.84
Eric Weinrich,D,weinrer01,1,793,35.0,80.0,4.2,20.4,24.6,10.0,39.0,6.26,2.4,1.6,0.2,1.0,13.2,6.6,0.6,103.4,4.0600000000000005
Brad Werenka,D,werenbr01,0,795,30.5,53.0,2.5,6.5,9.0,5.0,53.0,2.5,2.5,0.0,0.0,0.5,5.5,1.0,0.0,42.5,5.4
Glen Wesley,D,weslegl01,0,796,33.0,74.0,3.6,12.0,15.6,0.4,42.4,4.32,2.4,1.2,0.0,0.0,7.8,4.0,0.2,87.6,3.9
Colin White,D,whiteco01,0,798,24.0,64.6,2.4,8.4,10.8,14.0,104.4,3.94,2.4,0.0,0.0,0.6,6.8,1.2,0.4,73.2,3.96
Ossi Vaananen,D,vaanaos01,0,806,21.5,75.75,2.5,8.75,11.25,0.5,83.75,2.8,2.25,0.0,0.25,0.75,7.5,1.0,0.25,51.0,4.8
Mike Wilson,D,wilsomi02,0,807,25.5,25.25,1.25,4.5,5.75,-2.0,19.25,0.975,1.25,0.0,0.0,0.5,3.0,1.5,0.0,26.25,4.433333333333334
Brendan Witt,D,wittbr01,0,809,26.0,71.6,2.2,7.2,9.4,-0.8,104.4,2.6,2.2,0.0,0.0,0.0,6.8,0.2,0.2,80.6,2.68
Jason Woolley,D,woollja01,1,810,32.0,66.2,6.2,19.6,25.8,7.6,42.2,5.26,3.6,2.6,0.0,2.0,9.0,10.6,0.0,87.2,7.1
Mike Van Ryn,D,vanrymi01,0,811,22.5,37.0,3.75,8.75,12.5,-1.25,19.5,2.6,2.0,1.5,0.25,0.25,5.5,3.25,0.0,52.5,3.3499999999999996
Jim Vandermeer,D,vandeji01,0,814,22.5,35.0,3.5,6.5,10.0,-1.0,55.0,2.05,2.5,0.5,0.5,0.5,3.5,3.0,0.0,41.5,8.649999999999999
Lubomir Visnovsky,D,visnolu01,1,819,25.5,67.0,6.75,21.5,28.25,5.25,26.0,5.475,4.25,2.5,0.0,1.5,13.0,8.5,0.0,99.75,6.825
Jason York,D,yorkja01,1,820,31.0,73.6,5.0,17.2,22.2,0.4,61.6,4.84,3.2,1.8,0.0,1.2,10.0,6.2,1.0,116.6,4.1
Derrick Walser,D,walsede01,0,823,24.0,27.333333333333332,2.0,7.0,9.0,-5.666666666666667,18.666666666666668,1.3666666666666665,0.6666666666666666,1.3333333333333333,0.0,0.6666666666666666,3.6666666666666665,3.3333333333333335,0.0,41.0,19.2
Anton Volchenkov,D,volchan01,0,823,20.5,38.0,2.0,7.5,9.5,-1.5,24.0,1.65,2.0,0.0,0.0,0.0,6.0,1.5,0.0,45.0,5.35
Dmitry Yushkevich,D,yushkdm01,1,824,29.5,74.0,4.25,16.75,21.0,1.25,44.75,4.35,2.5,1.5,0.25,0.25,12.25,3.75,0.75,91.75,4.75
Niclas Wallin,D,wallini01,0,826,26.5,55.75,2.0,5.0,7.0,-9.25,44.75,1.475,2.0,0.0,0.0,0.5,4.5,0.25,0.25,48.75,5.125
Matt Walker,D,walkema01,0,827,22.5,15.0,0.0,1.0,1.0,0.0,31.5,0.25,0.0,0.0,0.0,0.0,1.0,0.0,0.0,10.5,0.0
Mike Weaver,D,weavemi01,0,829,24.0,19.0,0.0,2.0,2.0,-2.0,10.0,0.3333333333333333,0.0,0.0,0.0,0.0,2.0,0.0,0.0,10.0,0.0
Fedor Tyutin,D,tyutife01,0,830,20.0,25.0,2.0,5.0,7.0,-4.0,14.0,0.9,1.0,0.0,1.0,0.0,4.0,1.0,0.0,33.0,6.1
Rob Zettler,D,zettlro01,0,831,32.0,30.0,0.3333333333333333,3.3333333333333335,3.6666666666666665,0.6666666666666666,43.333333333333336,0.8333333333333334,0.3333333333333333,0.0,0.0,0.0,3.3333333333333335,0.0,0.0,20.0,1.2
Lance Ward,D,wardla01,0,832,23.5,52.25,1.0,3.0,4.0,-7.5,97.75,0.675,1.0,0.0,0.0,0.25,2.5,0.0,0.5,33.5,2.0999999999999996
Alexei Zhitnik,D,zhitnal01,1,833,29.0,74.4,3.6,23.0,26.6,-5.6,87.4,5.18,1.8,1.8,0.0,0.4,10.6,11.6,0.8,142.0,2.54
Duvie Westcott,D,westcdu01,0,835,25.0,25.666666666666668,0.0,4.666666666666667,4.666666666666667,-6.666666666666667,39.333333333333336,0.6666666666666666,0.0,0.0,0.0,0.0,3.0,1.3333333333333333,0.3333333333333333,24.333333333333332,0.0
Doug Zmolek,D,zmoledo01,0,835,29.0,43.0,2.0,7.0,9.0,6.0,60.0,2.0,2.0,0.0,0.0,0.0,4.0,2.0,1.0,24.0,8.3
Sergei Zubov*,D,zubovse01,1,836,31.0,79.0,9.8,37.0,46.8,7.4,22.0,9.42,3.6,5.8,0.4,1.8,16.6,19.6,0.8,172.4,5.68
Andrei Zyuzin,D,zyuzian01,0,838,24.0,55.4,3.8,11.0,14.8,-5.6,44.8,3.04,1.8,1.8,0.2,0.4,7.0,3.4,0.6,83.4,4.279999999999999
Marek Zidlicky,D,zidlima01,1,909,26.0,82.0,14.0,39.0,53.0,-16.0,82.0,7.8,5.0,9.0,0.0,4.0,13.0,26.0,0.0,143.0,9.8
